Ars Technica	http://arstechnica.com	1142
Letter from China 	http://www.newyorker.com/online/blogs/evanosnos/	35
Vulture 	http://vulture.com	1497
Danger Room 	http://www.wired.com/dangerroom	197
A	http://feeds.theonion.com/avclub/daily	1533
Slate Magazine 	http://slate.com	554
Salon	http://salon.com	1288
Daily Intel 	http://nymag.com/content/nymag/daily/intel.html	1151
FT Alphaville 	http://ftalphaville.ft.com/	704
Gawker 	http://gawker.com	2197
Gizmodo	http://gizmodo.com	2867
The New Yorker Blog 	http://www.newyorker.com/online/blogs/tny	804
Culture Desk 	http://www.newyorker.com/online/blogs/culture/	43
GigaOM	http://gigaom.com	1004
The Atlantic Wire	http://theatlanticwire.com	1690
BLDGBLOG	http://bldgblog.blogspot.com/	48
Deadspin	http://deadspin.com	2129
Restricted Data	http://nuclearsecrecy.com/blog/	43
The Verge	http://www.theverge.com/	198
